time (time),v(d) (voltage),v(clk) (voltage),v(s) (voltage),v(r) (voltage),v(q) (voltage)
0.000000e+00,0.000000e+00,0.000000e+00,0.000000e+00,0.000000e+00,8.499175e-01
1.000000e-12,0.000000e+00,1.700000e-03,0.000000e+00,0.000000e+00,8.499422e-01
2.000000e-12,0.000000e+00,3.400000e-03,0.000000e+00,0.000000e+00,8.499639e-01
4.000000e-12,0.000000e+00,6.800000e-03,0.000000e+00,0.000000e+00,8.500040e-01
8.000000e-12,0.000000e+00,1.360000e-02,0.000000e+00,0.000000e+00,8.500747e-01
1.600000e-11,0.000000e+00,2.720000e-02,0.000000e+00,0.000000e+00,8.501461e-01
3.200000e-11,0.000000e+00,5.440000e-02,0.000000e+00,0.000000e+00,8.501519e-01
6.400000e-11,0.000000e+00,1.088000e-01,0.000000e+00,0.000000e+00,8.500153e-01
1.280000e-10,0.000000e+00,2.176000e-01,0.000000e+00,0.000000e+00,8.498670e-01
2.560000e-10,0.000000e+00,4.352000e-01,0.000000e+00,0.000000e+00,8.498336e-01
4.197650e-10,0.000000e+00,7.136004e-01,0.000000e+00,0.000000e+00,8.496784e-01
5.000000e-10,0.000000e+00,8.500000e-01,0.000000e+00,0.000000e+00,8.502566e-01
5.175433e-10,0.000000e+00,8.500000e-01,0.000000e+00,0.000000e+00,8.501542e-01
5.526298e-10,0.000000e+00,8.500000e-01,0.000000e+00,0.000000e+00,8.500439e-01
6.228028e-10,0.000000e+00,8.500000e-01,0.000000e+00,0.000000e+00,8.499726e-01
7.631488e-10,0.000000e+00,8.500000e-01,0.000000e+00,0.000000e+00,8.498917e-01
9.898768e-10,0.000000e+00,8.500000e-01,0.000000e+00,0.000000e+00,8.499160e-01
1.443333e-09,0.000000e+00,8.500000e-01,0.000000e+00,0.000000e+00,8.499147e-01
2.350244e-09,0.000000e+00,8.500000e-01,0.000000e+00,0.000000e+00,8.499187e-01
4.164068e-09,0.000000e+00,8.500000e-01,0.000000e+00,0.000000e+00,8.499159e-01
7.791715e-09,0.000000e+00,8.500000e-01,0.000000e+00,0.000000e+00,8.499192e-01
1.050000e-08,0.000000e+00,8.500000e-01,0.000000e+00,0.000000e+00,8.499159e-01
1.055000e-08,0.000000e+00,7.650000e-01,0.000000e+00,0.000000e+00,8.498671e-01
1.065000e-08,0.000000e+00,5.950000e-01,0.000000e+00,0.000000e+00,8.498864e-01
1.085000e-08,0.000000e+00,2.550000e-01,0.000000e+00,0.000000e+00,8.500272e-01
1.100000e-08,0.000000e+00,0.000000e+00,0.000000e+00,0.000000e+00,8.499490e-01
1.102580e-08,0.000000e+00,0.000000e+00,0.000000e+00,0.000000e+00,8.499555e-01
1.107739e-08,0.000000e+00,0.000000e+00,0.000000e+00,0.000000e+00,8.498218e-01
1.118058e-08,0.000000e+00,0.000000e+00,0.000000e+00,0.000000e+00,8.498132e-01
1.135350e-08,0.000000e+00,0.000000e+00,0.000000e+00,0.000000e+00,8.499845e-01
1.155741e-08,0.000000e+00,0.000000e+00,0.000000e+00,0.000000e+00,8.498975e-01
1.185720e-08,0.000000e+00,0.000000e+00,0.000000e+00,0.000000e+00,8.499330e-01
1.245678e-08,0.000000e+00,0.000000e+00,0.000000e+00,0.000000e+00,8.499044e-01
1.365593e-08,0.000000e+00,0.000000e+00,0.000000e+00,0.000000e+00,8.499294e-01
1.605425e-08,0.000000e+00,0.000000e+00,0.000000e+00,0.000000e+00,8.499060e-01
2.000000e-08,0.000000e+00,0.000000e+00,0.000000e+00,0.000000e+00,8.499285e-01
2.005000e-08,0.000000e+00,8.500000e-02,8.500000e-02,0.000000e+00,8.612372e-01
2.015000e-08,0.000000e+00,2.550000e-01,2.550000e-01,0.000000e+00,8.683687e-01
2.029266e-08,0.000000e+00,4.975303e-01,4.975303e-01,0.000000e+00,8.397706e-01
2.044480e-08,0.000000e+00,7.561654e-01,7.561654e-01,0.000000e+00,8.525500e-01
2.050000e-08,0.000000e+00,8.500000e-01,8.500000e-01,0.000000e+00,8.566449e-01
2.051587e-08,0.000000e+00,8.500000e-01,8.500000e-01,0.000000e+00,8.541193e-01
2.054760e-08,0.000000e+00,8.500000e-01,8.500000e-01,0.000000e+00,8.511019e-01
2.060177e-08,0.000000e+00,8.500000e-01,8.500000e-01,0.000000e+00,8.501257e-01
2.065917e-08,0.000000e+00,8.500000e-01,8.500000e-01,0.000000e+00,8.499313e-01
2.073463e-08,0.000000e+00,8.500000e-01,8.500000e-01,0.000000e+00,8.498726e-01
2.082495e-08,0.000000e+00,8.500000e-01,8.500000e-01,0.000000e+00,8.499169e-01
2.095398e-08,0.000000e+00,8.500000e-01,8.500000e-01,0.000000e+00,8.499028e-01
2.107709e-08,0.000000e+00,8.500000e-01,8.500000e-01,0.000000e+00,8.499155e-01
2.132333e-08,0.000000e+00,8.500000e-01,8.500000e-01,0.000000e+00,8.499167e-01
2.181580e-08,0.000000e+00,8.500000e-01,8.500000e-01,0.000000e+00,8.499179e-01
2.280074e-08,0.000000e+00,8.500000e-01,8.500000e-01,0.000000e+00,8.499172e-01
2.477063e-08,0.000000e+00,8.500000e-01,8.500000e-01,0.000000e+00,8.499177e-01
2.500000e-08,0.000000e+00,8.500000e-01,8.500000e-01,0.000000e+00,8.499175e-01
2.505000e-08,8.500000e-02,8.500000e-01,8.500000e-01,0.000000e+00,8.499933e-01
2.515000e-08,2.550000e-01,8.500000e-01,8.500000e-01,0.000000e+00,8.500603e-01
2.535000e-08,5.950000e-01,8.500000e-01,8.500000e-01,0.000000e+00,8.500152e-01
2.550000e-08,8.500000e-01,8.500000e-01,8.500000e-01,0.000000e+00,8.499508e-01
2.552750e-08,8.500000e-01,8.500000e-01,8.500000e-01,0.000000e+00,8.498425e-01
2.558249e-08,8.500000e-01,8.500000e-01,8.500000e-01,0.000000e+00,8.498320e-01
2.568031e-08,8.500000e-01,8.500000e-01,8.500000e-01,0.000000e+00,8.500270e-01
2.578393e-08,8.500000e-01,8.500000e-01,8.500000e-01,0.000000e+00,8.500365e-01
2.591727e-08,8.500000e-01,8.500000e-01,8.500000e-01,0.000000e+00,8.499391e-01
2.605890e-08,8.500000e-01,8.500000e-01,8.500000e-01,0.000000e+00,8.499908e-01
2.619397e-08,8.500000e-01,8.500000e-01,8.500000e-01,0.000000e+00,8.499630e-01
2.646410e-08,8.500000e-01,8.500000e-01,8.500000e-01,0.000000e+00,8.499583e-01
2.676344e-08,8.500000e-01,8.500000e-01,8.500000e-01,0.000000e+00,8.499731e-01
2.730255e-08,8.500000e-01,8.500000e-01,8.500000e-01,0.000000e+00,8.499536e-01
2.821535e-08,8.500000e-01,8.500000e-01,8.500000e-01,0.000000e+00,8.499749e-01
3.004093e-08,8.500000e-01,8.500000e-01,8.500000e-01,0.000000e+00,8.499528e-01
3.050000e-08,8.500000e-01,8.500000e-01,8.500000e-01,0.000000e+00,8.499756e-01
3.055000e-08,8.500000e-01,7.650000e-01,8.500000e-01,0.000000e+00,8.498982e-01
3.065000e-08,8.500000e-01,5.950000e-01,8.500000e-01,0.000000e+00,8.499219e-01
3.085000e-08,8.500000e-01,2.550000e-01,8.500000e-01,0.000000e+00,8.501141e-01
3.100000e-08,8.500000e-01,0.000000e+00,8.500000e-01,0.000000e+00,8.499661e-01
3.102587e-08,8.500000e-01,0.000000e+00,8.500000e-01,0.000000e+00,8.499892e-01
3.107761e-08,8.500000e-01,0.000000e+00,8.500000e-01,0.000000e+00,8.498330e-01
3.118108e-08,8.500000e-01,0.000000e+00,8.500000e-01,0.000000e+00,8.498255e-01
3.135432e-08,8.500000e-01,0.000000e+00,8.500000e-01,0.000000e+00,8.500667e-01
3.155856e-08,8.500000e-01,0.000000e+00,8.500000e-01,0.000000e+00,8.499267e-01
3.185895e-08,8.500000e-01,0.000000e+00,8.500000e-01,0.000000e+00,8.499874e-01
3.245973e-08,8.500000e-01,0.000000e+00,8.500000e-01,0.000000e+00,8.499454e-01
3.366130e-08,8.500000e-01,0.000000e+00,8.500000e-01,0.000000e+00,8.499805e-01
3.606443e-08,8.500000e-01,0.000000e+00,8.500000e-01,0.000000e+00,8.499483e-01
4.000000e-08,8.500000e-01,0.000000e+00,8.500000e-01,0.000000e+00,8.499791e-01
4.005000e-08,8.500000e-01,8.500000e-02,8.500000e-01,0.000000e+00,8.501456e-01
4.015000e-08,8.500000e-01,2.550000e-01,8.500000e-01,0.000000e+00,8.499420e-01
4.031010e-08,8.500000e-01,5.271705e-01,8.500000e-01,0.000000e+00,8.497112e-01
4.050000e-08,8.500000e-01,8.500000e-01,8.500000e-01,0.000000e+00,8.500426e-01
4.051913e-08,8.500000e-01,8.500000e-01,8.500000e-01,0.000000e+00,8.500907e-01
4.055738e-08,8.500000e-01,8.500000e-01,8.500000e-01,0.000000e+00,8.502268e-01
4.063389e-08,8.500000e-01,8.500000e-01,8.500000e-01,0.000000e+00,8.501202e-01
4.078691e-08,8.500000e-01,8.500000e-01,8.500000e-01,0.000000e+00,8.498558e-01
4.093284e-08,8.500000e-01,8.500000e-01,8.500000e-01,0.000000e+00,8.499726e-01
4.122471e-08,8.500000e-01,8.500000e-01,8.500000e-01,0.000000e+00,8.499564e-01
4.180844e-08,8.500000e-01,8.500000e-01,8.500000e-01,0.000000e+00,8.499685e-01
4.297589e-08,8.500000e-01,8.500000e-01,8.500000e-01,0.000000e+00,8.499606e-01
4.531081e-08,8.500000e-01,8.500000e-01,8.500000e-01,0.000000e+00,8.499668e-01
4.550000e-08,8.500000e-01,8.500000e-01,8.500000e-01,0.000000e+00,8.499649e-01
4.555000e-08,7.650000e-01,8.500000e-01,8.500000e-01,0.000000e+00,8.496266e-01
4.565000e-08,5.950000e-01,8.500000e-01,8.500000e-01,0.000000e+00,8.498737e-01
4.585000e-08,2.550000e-01,8.500000e-01,8.500000e-01,0.000000e+00,8.499567e-01
4.600000e-08,3.663736e-15,8.500000e-01,8.500000e-01,0.000000e+00,8.499906e-01
4.601475e-08,0.000000e+00,8.500000e-01,8.500000e-01,0.000000e+00,8.500547e-01
4.604424e-08,0.000000e+00,8.500000e-01,8.500000e-01,0.000000e+00,8.500883e-01
4.610323e-08,0.000000e+00,8.500000e-01,8.500000e-01,0.000000e+00,8.499894e-01
4.616887e-08,0.000000e+00,8.500000e-01,8.500000e-01,0.000000e+00,8.499165e-01
4.624483e-08,0.000000e+00,8.500000e-01,8.500000e-01,0.000000e+00,8.499087e-01
4.633840e-08,0.000000e+00,8.500000e-01,8.500000e-01,0.000000e+00,8.499357e-01
4.646938e-08,0.000000e+00,8.500000e-01,8.500000e-01,0.000000e+00,8.499094e-01
4.660360e-08,0.000000e+00,8.500000e-01,8.500000e-01,0.000000e+00,8.499203e-01
4.687204e-08,0.000000e+00,8.500000e-01,8.500000e-01,0.000000e+00,8.499158e-01
4.740891e-08,0.000000e+00,8.500000e-01,8.500000e-01,0.000000e+00,8.499186e-01
4.848267e-08,0.000000e+00,8.500000e-01,8.500000e-01,0.000000e+00,8.499166e-01
5.050000e-08,0.000000e+00,8.500000e-01,8.500000e-01,0.000000e+00,8.499182e-01
5.055000e-08,0.000000e+00,7.650000e-01,8.500000e-01,0.000000e+00,8.498510e-01
5.065000e-08,0.000000e+00,5.950000e-01,8.500000e-01,0.000000e+00,8.498799e-01
5.085000e-08,0.000000e+00,2.550000e-01,8.500000e-01,0.000000e+00,8.500851e-01
5.100000e-08,0.000000e+00,1.221245e-14,8.500000e-01,0.000000e+00,8.498497e-01
5.102392e-08,0.000000e+00,0.000000e+00,8.500000e-01,0.000000e+00,8.499222e-01
5.107177e-08,0.000000e+00,0.000000e+00,8.500000e-01,0.000000e+00,8.498016e-01
5.116747e-08,0.000000e+00,0.000000e+00,8.500000e-01,0.000000e+00,8.497793e-01
5.125451e-08,0.000000e+00,0.000000e+00,8.500000e-01,0.000000e+00,8.499688e-01
5.135089e-08,0.000000e+00,0.000000e+00,8.500000e-01,0.000000e+00,8.499392e-01
5.144971e-08,0.000000e+00,0.000000e+00,8.500000e-01,0.000000e+00,8.499312e-01
5.158917e-08,0.000000e+00,0.000000e+00,8.500000e-01,0.000000e+00,8.499168e-01
5.186808e-08,0.000000e+00,0.000000e+00,8.500000e-01,0.000000e+00,8.499189e-01
5.242590e-08,0.000000e+00,0.000000e+00,8.500000e-01,0.000000e+00,8.499163e-01
5.344561e-08,0.000000e+00,0.000000e+00,8.500000e-01,0.000000e+00,8.499186e-01
5.548503e-08,0.000000e+00,0.000000e+00,8.500000e-01,0.000000e+00,8.499164e-01
5.956386e-08,0.000000e+00,0.000000e+00,8.500000e-01,0.000000e+00,8.499185e-01
6.000000e-08,0.000000e+00,0.000000e+00,8.500000e-01,0.000000e+00,8.499167e-01
6.005000e-08,0.000000e+00,8.500000e-02,8.500000e-01,0.000000e+00,8.500899e-01
6.015000e-08,0.000000e+00,2.550000e-01,8.500000e-01,0.000000e+00,8.498088e-01
6.030623e-08,0.000000e+00,5.205984e-01,8.500000e-01,0.000000e+00,8.489175e-01
6.050000e-08,0.000000e+00,8.500000e-01,8.500000e-01,0.000000e+00,8.642864e-01
6.051951e-08,0.000000e+00,8.500000e-01,8.500000e-01,0.000000e+00,8.643343e-01
6.055853e-08,0.000000e+00,8.500000e-01,8.500000e-01,0.000000e+00,8.462642e-01
6.063658e-08,0.000000e+00,8.500000e-01,8.500000e-01,0.000000e+00,4.389445e-01
6.072678e-08,0.000000e+00,8.500000e-01,8.500000e-01,0.000000e+00,2.771646e-02
6.082476e-08,0.000000e+00,8.500000e-01,8.500000e-01,0.000000e+00,1.414150e-03
6.093126e-08,0.000000e+00,8.500000e-01,8.500000e-01,0.000000e+00,2.838374e-03
6.111931e-08,0.000000e+00,8.500000e-01,8.500000e-01,0.000000e+00,-1.275561e-03
6.136768e-08,0.000000e+00,8.500000e-01,8.500000e-01,0.000000e+00,9.752485e-04
6.174254e-08,0.000000e+00,8.500000e-01,8.500000e-01,0.000000e+00,-8.108229e-04
6.249224e-08,0.000000e+00,8.500000e-01,8.500000e-01,0.000000e+00,7.573171e-04
6.399165e-08,0.000000e+00,8.500000e-01,8.500000e-01,0.000000e+00,-7.158520e-04
6.500000e-08,0.000000e+00,8.500000e-01,8.500000e-01,0.000000e+00,6.843227e-04
6.505000e-08,8.500000e-02,8.500000e-01,8.500000e-01,0.000000e+00,3.190393e-04
6.515000e-08,2.550000e-01,8.500000e-01,8.500000e-01,0.000000e+00,-1.000141e-05
6.535000e-08,5.950000e-01,8.500000e-01,8.500000e-01,0.000000e+00,1.635579e-04
6.550000e-08,8.500000e-01,8.500000e-01,8.500000e-01,0.000000e+00,-4.843077e-05
6.552750e-08,8.500000e-01,8.500000e-01,8.500000e-01,0.000000e+00,-1.639066e-04
6.558250e-08,8.500000e-01,8.500000e-01,8.500000e-01,0.000000e+00,-9.713748e-05
6.568039e-08,8.500000e-01,8.500000e-01,8.500000e-01,0.000000e+00,6.490863e-05
6.578407e-08,8.500000e-01,8.500000e-01,8.500000e-01,0.000000e+00,-4.984228e-06
6.591699e-08,8.500000e-01,8.500000e-01,8.500000e-01,0.000000e+00,3.678133e-05
6.605931e-08,8.500000e-01,8.500000e-01,8.500000e-01,0.000000e+00,2.774152e-05
6.619436e-08,8.500000e-01,8.500000e-01,8.500000e-01,0.000000e+00,2.881325e-05
6.646446e-08,8.500000e-01,8.500000e-01,8.500000e-01,0.000000e+00,2.844240e-05
6.676531e-08,8.500000e-01,8.500000e-01,8.500000e-01,0.000000e+00,3.001163e-05
6.730412e-08,8.500000e-01,8.500000e-01,8.500000e-01,0.000000e+00,2.744602e-05
6.821059e-08,8.500000e-01,8.500000e-01,8.500000e-01,0.000000e+00,3.060681e-05
7.002354e-08,8.500000e-01,8.500000e-01,8.500000e-01,0.000000e+00,2.712204e-05
7.050000e-08,8.500000e-01,8.500000e-01,8.500000e-01,0.000000e+00,3.104106e-05
7.055000e-08,8.500000e-01,7.650000e-01,8.500000e-01,0.000000e+00,-5.228729e-05
7.065000e-08,8.500000e-01,5.950000e-01,8.500000e-01,0.000000e+00,4.750787e-05
7.085000e-08,8.500000e-01,2.550000e-01,8.500000e-01,0.000000e+00,8.164511e-05
7.100000e-08,8.500000e-01,1.221245e-14,8.500000e-01,0.000000e+00,2.407144e-04
7.102523e-08,8.500000e-01,0.000000e+00,8.500000e-01,0.000000e+00,6.194889e-05
7.107568e-08,8.500000e-01,0.000000e+00,8.500000e-01,0.000000e+00,-2.534774e-04
7.117659e-08,8.500000e-01,0.000000e+00,8.500000e-01,0.000000e+00,-9.154853e-05
7.128281e-08,8.500000e-01,0.000000e+00,8.500000e-01,0.000000e+00,9.736212e-05
7.139760e-08,8.500000e-01,0.000000e+00,8.500000e-01,0.000000e+00,6.379062e-05
7.155154e-08,8.500000e-01,0.000000e+00,8.500000e-01,0.000000e+00,1.461936e-05
7.171147e-08,8.500000e-01,0.000000e+00,8.500000e-01,0.000000e+00,5.177236e-05
7.186220e-08,8.500000e-01,0.000000e+00,8.500000e-01,0.000000e+00,1.657866e-05
7.216149e-08,8.500000e-01,0.000000e+00,8.500000e-01,0.000000e+00,3.719905e-05
7.247206e-08,8.500000e-01,0.000000e+00,8.500000e-01,0.000000e+00,2.416834e-05
7.302175e-08,8.500000e-01,0.000000e+00,8.500000e-01,0.000000e+00,3.201919e-05
7.386670e-08,8.500000e-01,0.000000e+00,8.500000e-01,0.000000e+00,2.673176e-05
7.546273e-08,8.500000e-01,0.000000e+00,8.500000e-01,0.000000e+00,3.065324e-05
7.865479e-08,8.500000e-01,0.000000e+00,8.500000e-01,0.000000e+00,2.738798e-05
8.000000e-08,8.500000e-01,0.000000e+00,8.500000e-01,0.000000e+00,2.999545e-05
8.005000e-08,8.500000e-01,8.500000e-02,8.500000e-01,0.000000e+00,8.874773e-05
8.015000e-08,8.500000e-01,2.550000e-01,8.500000e-01,0.000000e+00,9.256116e-05
8.031666e-08,8.500000e-01,5.383223e-01,8.500000e-01,0.000000e+00,1.404512e-04
8.050000e-08,8.500000e-01,8.500000e-01,8.500000e-01,0.000000e+00,-3.315488e-03
8.051909e-08,8.500000e-01,8.500000e-01,8.175547e-01,0.000000e+00,-6.331912e-03
8.055726e-08,8.500000e-01,8.500000e-01,7.526642e-01,0.000000e+00,-1.323315e-02
8.063360e-08,8.500000e-01,8.500000e-01,6.228831e-01,0.000000e+00,-8.084521e-03
8.074939e-08,8.500000e-01,8.500000e-01,4.260292e-01,0.000000e+00,6.225027e-01
8.088584e-08,8.500000e-01,8.500000e-01,1.940723e-01,0.000000e+00,8.486199e-01
8.100000e-08,8.500000e-01,8.500000e-01,0.000000e+00,0.000000e+00,8.464481e-01
8.101341e-08,8.500000e-01,8.500000e-01,0.000000e+00,0.000000e+00,8.496043e-01
8.104024e-08,8.500000e-01,8.500000e-01,0.000000e+00,0.000000e+00,8.537065e-01
8.109390e-08,8.500000e-01,8.500000e-01,0.000000e+00,0.000000e+00,8.540378e-01
8.120121e-08,8.500000e-01,8.500000e-01,0.000000e+00,0.000000e+00,8.514940e-01
8.134443e-08,8.500000e-01,8.500000e-01,0.000000e+00,0.000000e+00,8.503349e-01
8.158717e-08,8.500000e-01,8.500000e-01,0.000000e+00,0.000000e+00,8.499577e-01
8.207265e-08,8.500000e-01,8.500000e-01,0.000000e+00,0.000000e+00,8.499694e-01
8.304360e-08,8.500000e-01,8.500000e-01,0.000000e+00,0.000000e+00,8.499589e-01
8.498551e-08,8.500000e-01,8.500000e-01,0.000000e+00,0.000000e+00,8.499689e-01
8.550000e-08,8.500000e-01,8.500000e-01,0.000000e+00,0.000000e+00,8.499593e-01
8.555000e-08,7.650000e-01,8.500000e-01,0.000000e+00,0.000000e+00,8.498170e-01
8.565000e-08,5.950000e-01,8.500000e-01,0.000000e+00,0.000000e+00,8.498212e-01
8.585000e-08,2.550000e-01,8.500000e-01,0.000000e+00,0.000000e+00,8.499324e-01
8.600000e-08,2.053913e-14,8.500000e-01,0.000000e+00,0.000000e+00,8.499095e-01
8.604000e-08,0.000000e+00,8.500000e-01,0.000000e+00,0.000000e+00,8.499609e-01
8.612000e-08,0.000000e+00,8.500000e-01,0.000000e+00,0.000000e+00,8.499855e-01
8.628000e-08,0.000000e+00,8.500000e-01,0.000000e+00,0.000000e+00,8.499318e-01
8.660000e-08,0.000000e+00,8.500000e-01,0.000000e+00,0.000000e+00,8.499188e-01
8.724000e-08,0.000000e+00,8.500000e-01,0.000000e+00,0.000000e+00,8.499239e-01
8.852000e-08,0.000000e+00,8.500000e-01,0.000000e+00,0.000000e+00,8.499186e-01
9.050000e-08,0.000000e+00,8.500000e-01,0.000000e+00,0.000000e+00,8.499169e-01
9.055000e-08,0.000000e+00,7.650000e-01,0.000000e+00,0.000000e+00,8.498658e-01
9.065000e-08,0.000000e+00,5.950000e-01,0.000000e+00,0.000000e+00,8.498840e-01
9.085000e-08,0.000000e+00,2.550000e-01,0.000000e+00,0.000000e+00,8.500266e-01
9.100000e-08,0.000000e+00,1.221245e-14,0.000000e+00,0.000000e+00,8.499486e-01
9.102579e-08,0.000000e+00,0.000000e+00,0.000000e+00,0.000000e+00,8.499547e-01
9.107737e-08,0.000000e+00,0.000000e+00,0.000000e+00,0.000000e+00,8.498206e-01
9.118054e-08,0.000000e+00,0.000000e+00,0.000000e+00,0.000000e+00,8.498122e-01
9.135343e-08,0.000000e+00,0.000000e+00,0.000000e+00,0.000000e+00,8.499843e-01
9.155730e-08,0.000000e+00,0.000000e+00,0.000000e+00,0.000000e+00,8.498972e-01
9.185704e-08,0.000000e+00,0.000000e+00,0.000000e+00,0.000000e+00,8.499328e-01
9.245652e-08,0.000000e+00,0.000000e+00,0.000000e+00,0.000000e+00,8.499043e-01
9.365548e-08,0.000000e+00,0.000000e+00,0.000000e+00,0.000000e+00,8.499293e-01
9.605339e-08,0.000000e+00,0.000000e+00,0.000000e+00,0.000000e+00,8.499059e-01
1.000000e-07,0.000000e+00,0.000000e+00,0.000000e+00,0.000000e+00,8.499285e-01
1.000500e-07,0.000000e+00,8.500000e-02,0.000000e+00,0.000000e+00,8.500479e-01
1.001500e-07,0.000000e+00,2.550000e-01,0.000000e+00,0.000000e+00,8.499176e-01
1.003101e-07,0.000000e+00,5.271682e-01,0.000000e+00,0.000000e+00,8.497171e-01
1.005000e-07,0.000000e+00,8.500000e-01,0.000000e+00,0.000000e+00,8.499549e-01
1.005191e-07,0.000000e+00,8.500000e-01,0.000000e+00,0.000000e+00,8.499890e-01
1.005574e-07,0.000000e+00,8.500000e-01,0.000000e+00,0.000000e+00,8.500863e-01
1.006339e-07,0.000000e+00,8.500000e-01,0.000000e+00,0.000000e+00,8.500170e-01
1.007869e-07,0.000000e+00,8.500000e-01,0.000000e+00,0.000000e+00,8.498623e-01
1.009328e-07,0.000000e+00,8.500000e-01,0.000000e+00,0.000000e+00,8.499212e-01
1.012247e-07,0.000000e+00,8.500000e-01,0.000000e+00,0.000000e+00,8.499024e-01
1.018084e-07,0.000000e+00,8.500000e-01,0.000000e+00,0.000000e+00,8.499266e-01
1.029759e-07,0.000000e+00,8.500000e-01,0.000000e+00,0.000000e+00,8.499089e-01
1.050000e-07,0.000000e+00,8.500000e-01,0.000000e+00,0.000000e+00,8.499248e-01
1.050500e-07,8.500000e-02,8.500000e-01,0.000000e+00,0.000000e+00,8.499846e-01
1.051500e-07,2.550000e-01,8.500000e-01,0.000000e+00,0.000000e+00,8.500219e-01
1.053500e-07,5.950000e-01,8.500000e-01,0.000000e+00,0.000000e+00,8.499880e-01
1.055000e-07,8.500000e-01,8.500000e-01,0.000000e+00,0.000000e+00,8.500875e-01
1.055400e-07,8.500000e-01,8.500000e-01,0.000000e+00,0.000000e+00,8.499981e-01
1.056200e-07,8.500000e-01,8.500000e-01,0.000000e+00,0.000000e+00,8.499427e-01
1.057800e-07,8.500000e-01,8.500000e-01,0.000000e+00,0.000000e+00,8.499645e-01
1.061000e-07,8.500000e-01,8.500000e-01,0.000000e+00,0.000000e+00,8.499629e-01
1.067400e-07,8.500000e-01,8.500000e-01,0.000000e+00,0.000000e+00,8.499649e-01
1.080200e-07,8.500000e-01,8.500000e-01,0.000000e+00,0.000000e+00,8.499623e-01
1.105000e-07,8.500000e-01,8.500000e-01,0.000000e+00,0.000000e+00,8.499655e-01
1.105500e-07,8.500000e-01,7.650000e-01,0.000000e+00,0.000000e+00,8.499155e-01
1.106500e-07,8.500000e-01,5.950000e-01,0.000000e+00,0.000000e+00,8.499285e-01
1.108500e-07,8.500000e-01,2.550000e-01,0.000000e+00,0.000000e+00,8.500713e-01
1.110000e-07,8.500000e-01,1.221245e-14,0.000000e+00,0.000000e+00,8.499957e-01
1.110258e-07,8.500000e-01,0.000000e+00,0.000000e+00,0.000000e+00,8.499986e-01
1.110774e-07,8.500000e-01,0.000000e+00,0.000000e+00,0.000000e+00,8.498737e-01
1.111806e-07,8.500000e-01,0.000000e+00,0.000000e+00,0.000000e+00,8.498579e-01
1.113534e-07,8.500000e-01,0.000000e+00,0.000000e+00,0.000000e+00,8.500280e-01
1.115574e-07,8.500000e-01,0.000000e+00,0.000000e+00,0.000000e+00,8.499442e-01
1.118571e-07,8.500000e-01,0.000000e+00,0.000000e+00,0.000000e+00,8.499781e-01
1.124565e-07,8.500000e-01,0.000000e+00,0.000000e+00,0.000000e+00,8.499529e-01
1.136554e-07,8.500000e-01,0.000000e+00,0.000000e+00,0.000000e+00,8.499744e-01
1.160532e-07,8.500000e-01,0.000000e+00,0.000000e+00,0.000000e+00,8.499538e-01
1.200000e-07,8.500000e-01,0.000000e+00,0.000000e+00,0.000000e+00,8.499740e-01
1.200500e-07,8.500000e-01,8.500000e-02,0.000000e+00,0.000000e+00,8.500957e-01
1.201500e-07,8.500000e-01,2.550000e-01,0.000000e+00,0.000000e+00,8.499665e-01
1.203101e-07,8.500000e-01,5.271681e-01,0.000000e+00,0.000000e+00,8.497705e-01
1.205000e-07,8.500000e-01,8.500000e-01,0.000000e+00,0.000000e+00,8.499949e-01
1.205191e-07,8.500000e-01,8.500000e-01,0.000000e+00,0.000000e+00,8.500321e-01
1.205574e-07,8.500000e-01,8.500000e-01,0.000000e+00,0.000000e+00,8.501298e-01
1.206339e-07,8.500000e-01,8.500000e-01,0.000000e+00,0.000000e+00,8.500712e-01
1.207869e-07,8.500000e-01,8.500000e-01,0.000000e+00,0.000000e+00,8.499214e-01
1.209328e-07,8.500000e-01,8.500000e-01,0.000000e+00,0.000000e+00,8.499682e-01
1.212247e-07,8.500000e-01,8.500000e-01,0.000000e+00,0.000000e+00,8.499519e-01
1.218084e-07,8.500000e-01,8.500000e-01,0.000000e+00,0.000000e+00,8.499720e-01
1.229759e-07,8.500000e-01,8.500000e-01,0.000000e+00,0.000000e+00,8.499595e-01
1.253108e-07,8.500000e-01,8.500000e-01,0.000000e+00,0.000000e+00,8.499684e-01
1.255000e-07,8.500000e-01,8.500000e-01,0.000000e+00,0.000000e+00,8.499564e-01
1.255500e-07,7.650000e-01,8.500000e-01,0.000000e+00,0.000000e+00,8.498088e-01
1.256500e-07,5.950000e-01,8.500000e-01,0.000000e+00,0.000000e+00,8.498142e-01
1.258500e-07,2.550000e-01,8.500000e-01,0.000000e+00,0.000000e+00,8.499326e-01
1.260000e-07,0.000000e+00,8.500000e-01,0.000000e+00,0.000000e+00,8.499096e-01
1.260400e-07,0.000000e+00,8.500000e-01,0.000000e+00,0.000000e+00,8.499610e-01
1.261200e-07,0.000000e+00,8.500000e-01,0.000000e+00,0.000000e+00,8.499847e-01
1.262800e-07,0.000000e+00,8.500000e-01,0.000000e+00,0.000000e+00,8.499306e-01
1.266000e-07,0.000000e+00,8.500000e-01,0.000000e+00,0.000000e+00,8.499220e-01
1.272400e-07,0.000000e+00,8.500000e-01,0.000000e+00,0.000000e+00,8.499212e-01
1.285200e-07,0.000000e+00,8.500000e-01,0.000000e+00,0.000000e+00,8.499210e-01
1.305000e-07,0.000000e+00,8.500000e-01,0.000000e+00,0.000000e+00,8.499134e-01
1.305500e-07,0.000000e+00,7.650000e-01,0.000000e+00,0.000000e+00,8.498620e-01
1.306500e-07,0.000000e+00,5.950000e-01,0.000000e+00,0.000000e+00,8.498809e-01
1.308500e-07,0.000000e+00,2.550000e-01,0.000000e+00,0.000000e+00,8.500268e-01
1.310000e-07,0.000000e+00,0.000000e+00,0.000000e+00,0.000000e+00,8.499488e-01
1.310258e-07,0.000000e+00,0.000000e+00,0.000000e+00,0.000000e+00,8.499524e-01
1.310774e-07,0.000000e+00,0.000000e+00,0.000000e+00,0.000000e+00,8.498158e-01
1.311807e-07,0.000000e+00,0.000000e+00,0.000000e+00,0.000000e+00,8.498106e-01
1.313536e-07,0.000000e+00,0.000000e+00,0.000000e+00,0.000000e+00,8.499867e-01
1.315576e-07,0.000000e+00,0.000000e+00,0.000000e+00,0.000000e+00,8.498971e-01
1.318574e-07,0.000000e+00,0.000000e+00,0.000000e+00,0.000000e+00,8.499329e-01
1.324570e-07,0.000000e+00,0.000000e+00,0.000000e+00,0.000000e+00,8.499042e-01
1.336562e-07,0.000000e+00,0.000000e+00,0.000000e+00,0.000000e+00,8.499285e-01
1.360547e-07,0.000000e+00,0.000000e+00,0.000000e+00,0.000000e+00,8.499066e-01
1.400000e-07,0.000000e+00,0.000000e+00,0.000000e+00,0.000000e+00,8.499281e-01
1.400500e-07,0.000000e+00,8.500000e-02,8.500000e-02,0.000000e+00,8.612331e-01
1.401500e-07,0.000000e+00,2.550000e-01,2.550000e-01,0.000000e+00,8.683692e-01
1.402927e-07,0.000000e+00,4.975632e-01,4.975632e-01,0.000000e+00,8.397728e-01
1.404448e-07,0.000000e+00,7.561977e-01,7.561977e-01,0.000000e+00,8.525545e-01
1.405000e-07,0.000000e+00,8.500000e-01,8.500000e-01,0.000000e+00,8.566447e-01
1.405159e-07,0.000000e+00,8.500000e-01,8.500000e-01,0.000000e+00,8.541190e-01
1.405476e-07,0.000000e+00,8.500000e-01,8.500000e-01,0.000000e+00,8.511018e-01
1.406018e-07,0.000000e+00,8.500000e-01,8.500000e-01,0.000000e+00,8.501257e-01
1.406592e-07,0.000000e+00,8.500000e-01,8.500000e-01,0.000000e+00,8.499313e-01
1.407346e-07,0.000000e+00,8.500000e-01,8.500000e-01,0.000000e+00,8.498726e-01
1.408249e-07,0.000000e+00,8.500000e-01,8.500000e-01,0.000000e+00,8.499169e-01
1.409540e-07,0.000000e+00,8.500000e-01,8.500000e-01,0.000000e+00,8.499028e-01
1.410771e-07,0.000000e+00,8.500000e-01,8.500000e-01,0.000000e+00,8.499155e-01
1.413233e-07,0.000000e+00,8.500000e-01,8.500000e-01,0.000000e+00,8.499167e-01
1.418158e-07,0.000000e+00,8.500000e-01,8.500000e-01,0.000000e+00,8.499179e-01
1.428008e-07,0.000000e+00,8.500000e-01,8.500000e-01,0.000000e+00,8.499172e-01
1.447707e-07,0.000000e+00,8.500000e-01,8.500000e-01,0.000000e+00,8.499177e-01
1.450000e-07,0.000000e+00,8.500000e-01,8.500000e-01,0.000000e+00,8.499175e-01
1.450500e-07,8.500000e-02,8.500000e-01,8.500000e-01,8.500000e-02,8.499933e-01
1.451500e-07,2.550000e-01,8.500000e-01,8.500000e-01,2.550000e-01,8.500602e-01
1.452926e-07,4.973668e-01,8.500000e-01,8.500000e-01,4.973668e-01,8.500368e-01
1.454778e-07,8.123388e-01,8.500000e-01,8.500000e-01,8.123388e-01,8.499709e-01
1.455000e-07,8.500000e-01,8.500000e-01,8.500000e-01,8.500000e-01,8.500670e-01
1.455174e-07,8.500000e-01,8.500000e-01,8.500000e-01,8.500000e-01,8.499189e-01
1.455522e-07,8.500000e-01,8.500000e-01,8.500000e-01,8.500000e-01,8.498869e-01
1.456172e-07,8.500000e-01,8.500000e-01,8.500000e-01,8.500000e-01,8.501768e-01
1.457472e-07,8.500000e-01,8.500000e-01,8.500000e-01,8.500000e-01,8.498452e-01
1.459222e-07,8.500000e-01,8.500000e-01,8.500000e-01,8.500000e-01,8.499684e-01
1.462721e-07,8.500000e-01,8.500000e-01,8.500000e-01,8.500000e-01,8.499582e-01
1.469561e-07,8.500000e-01,8.500000e-01,8.500000e-01,8.500000e-01,8.499650e-01
1.483240e-07,8.500000e-01,8.500000e-01,8.500000e-01,8.500000e-01,8.499633e-01
1.505000e-07,8.500000e-01,8.500000e-01,8.500000e-01,8.500000e-01,8.499642e-01
1.505500e-07,8.500000e-01,7.650000e-01,8.500000e-01,8.500000e-01,8.498986e-01
1.506500e-07,8.500000e-01,5.950000e-01,8.500000e-01,8.500000e-01,8.499262e-01
1.508500e-07,8.500000e-01,2.550000e-01,8.500000e-01,8.500000e-01,8.501321e-01
1.510000e-07,8.500000e-01,0.000000e+00,8.500000e-01,8.500000e-01,8.498978e-01
1.510239e-07,8.500000e-01,0.000000e+00,8.500000e-01,8.500000e-01,8.499682e-01
1.510717e-07,8.500000e-01,0.000000e+00,8.500000e-01,8.500000e-01,8.498526e-01
1.511674e-07,8.500000e-01,0.000000e+00,8.500000e-01,8.500000e-01,8.498263e-01
1.512545e-07,8.500000e-01,0.000000e+00,8.500000e-01,8.500000e-01,8.500118e-01
1.513509e-07,8.500000e-01,0.000000e+00,8.500000e-01,8.500000e-01,8.499858e-01
1.514497e-07,8.500000e-01,0.000000e+00,8.500000e-01,8.500000e-01,8.499777e-01
1.515892e-07,8.500000e-01,0.000000e+00,8.500000e-01,8.500000e-01,8.499635e-01
1.518682e-07,8.500000e-01,0.000000e+00,8.500000e-01,8.500000e-01,8.499651e-01
1.524263e-07,8.500000e-01,0.000000e+00,8.500000e-01,8.500000e-01,8.499628e-01
1.534461e-07,8.500000e-01,0.000000e+00,8.500000e-01,8.500000e-01,8.499650e-01
1.554856e-07,8.500000e-01,0.000000e+00,8.500000e-01,8.500000e-01,8.499629e-01
1.595646e-07,8.500000e-01,0.000000e+00,8.500000e-01,8.500000e-01,8.499650e-01
1.600000e-07,8.500000e-01,0.000000e+00,8.500000e-01,8.500000e-01,8.499631e-01
1.600500e-07,8.500000e-01,8.500000e-02,8.500000e-01,8.500000e-01,8.501382e-01
1.601500e-07,8.500000e-01,2.550000e-01,8.500000e-01,8.500000e-01,8.498565e-01
1.603062e-07,8.500000e-01,5.205984e-01,8.500000e-01,8.500000e-01,8.489798e-01
1.605000e-07,8.500000e-01,8.500000e-01,8.500000e-01,8.500000e-01,8.642715e-01
1.605195e-07,8.500000e-01,8.500000e-01,8.500000e-01,8.500000e-01,8.643472e-01
1.605585e-07,8.500000e-01,8.500000e-01,8.500000e-01,8.500000e-01,8.465372e-01
1.606366e-07,8.500000e-01,8.500000e-01,8.500000e-01,8.500000e-01,4.370222e-01
1.607264e-07,8.500000e-01,8.500000e-01,8.500000e-01,8.500000e-01,2.816978e-02
1.608240e-07,8.500000e-01,8.500000e-01,8.500000e-01,8.500000e-01,1.413298e-03
1.609305e-07,8.500000e-01,8.500000e-01,8.500000e-01,8.500000e-01,2.925609e-03
1.611187e-07,8.500000e-01,8.500000e-01,8.500000e-01,8.500000e-01,-1.305989e-03
1.613650e-07,8.500000e-01,8.500000e-01,8.500000e-01,8.500000e-01,1.053937e-03
1.617394e-07,8.500000e-01,8.500000e-01,8.500000e-01,8.500000e-01,-8.376676e-04
1.624881e-07,8.500000e-01,8.500000e-01,8.500000e-01,8.500000e-01,8.288864e-04
1.639856e-07,8.500000e-01,8.500000e-01,8.500000e-01,8.500000e-01,-7.390566e-04
1.655000e-07,8.500000e-01,8.500000e-01,8.500000e-01,8.500000e-01,7.675712e-04
1.655500e-07,7.650000e-01,8.500000e-01,8.500000e-01,8.500000e-01,4.031411e-05
1.656500e-07,5.950000e-01,8.500000e-01,8.500000e-01,8.500000e-01,-1.292485e-04
1.658500e-07,2.550000e-01,8.500000e-01,8.500000e-01,8.500000e-01,1.025733e-04
1.660000e-07,0.000000e+00,8.500000e-01,8.500000e-01,8.500000e-01,1.947375e-05
1.660400e-07,0.000000e+00,8.500000e-01,8.500000e-01,8.500000e-01,6.015426e-05
1.661200e-07,0.000000e+00,8.500000e-01,8.500000e-01,8.500000e-01,-6.267911e-05
1.662800e-07,0.000000e+00,8.500000e-01,8.500000e-01,8.500000e-01,7.176194e-05
1.665775e-07,0.000000e+00,8.500000e-01,8.500000e-01,8.500000e-01,-5.498131e-05
1.669346e-07,0.000000e+00,8.500000e-01,8.500000e-01,8.500000e-01,6.101148e-05
1.676488e-07,0.000000e+00,8.500000e-01,8.500000e-01,8.500000e-01,-4.760288e-05
1.690772e-07,0.000000e+00,8.500000e-01,8.500000e-01,8.500000e-01,5.695512e-05
1.705000e-07,0.000000e+00,8.500000e-01,8.500000e-01,8.500000e-01,-4.493363e-05
1.705500e-07,0.000000e+00,7.650000e-01,8.500000e-01,8.500000e-01,-8.210823e-05
1.706500e-07,0.000000e+00,5.950000e-01,8.500000e-01,8.500000e-01,3.166853e-05
1.708500e-07,0.000000e+00,2.550000e-01,8.500000e-01,8.500000e-01,6.396227e-05
1.710000e-07,0.000000e+00,0.000000e+00,8.500000e-01,8.500000e-01,2.038434e-04
1.710258e-07,0.000000e+00,0.000000e+00,8.500000e-01,8.500000e-01,-2.153051e-05
1.710774e-07,0.000000e+00,0.000000e+00,8.500000e-01,8.500000e-01,-3.016085e-04
1.711805e-07,0.000000e+00,0.000000e+00,8.500000e-01,8.500000e-01,-6.829989e-05
1.713522e-07,0.000000e+00,0.000000e+00,8.500000e-01,8.500000e-01,8.924545e-05
1.715543e-07,0.000000e+00,0.000000e+00,8.500000e-01,8.500000e-01,4.732988e-06
1.718528e-07,0.000000e+00,0.000000e+00,8.500000e-01,8.500000e-01,-3.339870e-06
1.724496e-07,0.000000e+00,0.000000e+00,8.500000e-01,8.500000e-01,1.551053e-05
1.736434e-07,0.000000e+00,0.000000e+00,8.500000e-01,8.500000e-01,-5.223823e-06
1.760310e-07,0.000000e+00,0.000000e+00,8.500000e-01,8.500000e-01,1.601302e-05
1.800000e-07,0.000000e+00,0.000000e+00,8.500000e-01,8.500000e-01,-5.380971e-06
1.800500e-07,0.000000e+00,8.500000e-02,8.500000e-01,8.500000e-01,5.625407e-05
1.801500e-07,0.000000e+00,2.550000e-01,8.500000e-01,8.500000e-01,2.729885e-06
1.803100e-07,0.000000e+00,5.270521e-01,8.500000e-01,8.500000e-01,-1.486285e-04
1.805000e-07,0.000000e+00,8.500000e-01,8.500000e-01,8.500000e-01,1.929347e-04
1.805191e-07,0.000000e+00,8.500000e-01,8.500000e-01,8.500000e-01,1.729006e-04
1.805574e-07,0.000000e+00,8.500000e-01,8.500000e-01,8.500000e-01,9.762130e-05
1.806339e-07,0.000000e+00,8.500000e-01,8.500000e-01,8.500000e-01,-5.725750e-05
1.807870e-07,0.000000e+00,8.500000e-01,8.500000e-01,8.500000e-01,9.535087e-06
1.809336e-07,0.000000e+00,8.500000e-01,8.500000e-01,8.500000e-01,-6.462574e-06
1.812269e-07,0.000000e+00,8.500000e-01,8.500000e-01,8.500000e-01,1.712134e-05
1.818134e-07,0.000000e+00,8.500000e-01,8.500000e-01,8.500000e-01,-5.706036e-06
1.829866e-07,0.000000e+00,8.500000e-01,8.500000e-01,8.500000e-01,1.598820e-05
1.850000e-07,0.000000e+00,8.500000e-01,8.500000e-01,8.500000e-01,-5.094003e-06
1.850500e-07,8.500000e-02,8.500000e-01,8.500000e-01,8.500000e-01,1.453267e-04
1.851500e-07,2.550000e-01,8.500000e-01,8.500000e-01,8.500000e-01,8.252241e-05
1.853500e-07,5.950000e-01,8.500000e-01,8.500000e-01,8.500000e-01,1.024328e-04
1.855000e-07,8.500000e-01,8.500000e-01,8.500000e-01,8.500000e-01,-5.951495e-06
1.855359e-07,8.500000e-01,8.500000e-01,8.500000e-01,8.500000e-01,-1.333066e-04
1.856076e-07,8.500000e-01,8.500000e-01,8.500000e-01,8.500000e-01,-7.679725e-05
1.857511e-07,8.500000e-01,8.500000e-01,8.500000e-01,8.500000e-01,6.396141e-05
1.860382e-07,8.500000e-01,8.500000e-01,8.500000e-01,8.500000e-01,5.452011e-06
1.863856e-07,8.500000e-01,8.500000e-01,8.500000e-01,8.500000e-01,4.633373e-05
1.870805e-07,8.500000e-01,8.500000e-01,8.500000e-01,8.500000e-01,1.375068e-05
1.884702e-07,8.500000e-01,8.500000e-01,8.500000e-01,8.500000e-01,4.309814e-05
1.905000e-07,8.500000e-01,8.500000e-01,8.500000e-01,8.500000e-01,1.537378e-05
1.905500e-07,8.500000e-01,7.650000e-01,8.500000e-01,8.500000e-01,-5.533384e-05
1.906500e-07,8.500000e-01,5.950000e-01,8.500000e-01,8.500000e-01,5.102649e-05
1.908500e-07,8.500000e-01,2.550000e-01,8.500000e-01,8.500000e-01,9.081199e-05
1.910000e-07,8.500000e-01,0.000000e+00,8.500000e-01,8.500000e-01,2.258600e-04
1.910258e-07,8.500000e-01,0.000000e+00,8.500000e-01,8.500000e-01,3.194163e-07
1.910774e-07,8.500000e-01,0.000000e+00,8.500000e-01,8.500000e-01,-2.603205e-04
1.911806e-07,8.500000e-01,0.000000e+00,8.500000e-01,8.500000e-01,-5.436714e-05
1.913523e-07,8.500000e-01,0.000000e+00,8.500000e-01,8.500000e-01,1.197062e-04
1.915545e-07,8.500000e-01,0.000000e+00,8.500000e-01,8.500000e-01,2.292057e-05
1.918530e-07,8.500000e-01,0.000000e+00,8.500000e-01,8.500000e-01,2.440459e-05
1.924500e-07,8.500000e-01,0.000000e+00,8.500000e-01,8.500000e-01,3.559951e-05
1.936441e-07,8.500000e-01,0.000000e+00,8.500000e-01,8.500000e-01,2.162277e-05
1.955000e-07,8.500000e-01,0.000000e+00,8.500000e-01,8.500000e-01,3.649592e-05
1.955500e-07,8.500000e-01,0.000000e+00,8.500000e-01,7.650000e-01,2.881328e-05
1.956500e-07,8.500000e-01,0.000000e+00,8.500000e-01,5.950000e-01,2.752220e-05
1.958500e-07,8.500000e-01,0.000000e+00,8.500000e-01,2.550000e-01,2.722400e-05
1.960000e-07,8.500000e-01,0.000000e+00,8.500000e-01,0.000000e+00,-1.167927e-05
1.960221e-07,8.500000e-01,0.000000e+00,8.500000e-01,0.000000e+00,4.751730e-05
1.960664e-07,8.500000e-01,0.000000e+00,8.500000e-01,0.000000e+00,7.257743e-05
1.961549e-07,8.500000e-01,0.000000e+00,8.500000e-01,0.000000e+00,1.012370e-05
1.962577e-07,8.500000e-01,0.000000e+00,8.500000e-01,0.000000e+00,9.068602e-06
1.963532e-07,8.500000e-01,0.000000e+00,8.500000e-01,0.000000e+00,5.339415e-05
1.964536e-07,8.500000e-01,0.000000e+00,8.500000e-01,0.000000e+00,8.956394e-05
1.965855e-07,8.500000e-01,0.000000e+00,8.500000e-01,0.000000e+00,-8.449665e-05
1.967250e-07,8.500000e-01,0.000000e+00,8.500000e-01,0.000000e+00,1.256514e-04
1.968568e-07,8.500000e-01,0.000000e+00,8.500000e-01,0.000000e+00,-5.708875e-05
1.969993e-07,8.500000e-01,0.000000e+00,8.500000e-01,0.000000e+00,1.017891e-04
1.971469e-07,8.500000e-01,0.000000e+00,8.500000e-01,0.000000e+00,-1.970053e-05
1.973791e-07,8.500000e-01,0.000000e+00,8.500000e-01,0.000000e+00,6.546972e-05
1.976621e-07,8.500000e-01,0.000000e+00,8.500000e-01,0.000000e+00,9.683079e-07
1.981147e-07,8.500000e-01,0.000000e+00,8.500000e-01,0.000000e+00,5.238557e-05
1.989132e-07,8.500000e-01,0.000000e+00,8.500000e-01,0.000000e+00,7.712386e-06
2.000000e-07,8.500000e-01,0.000000e+00,8.500000e-01,0.000000e+00,4.858148e-05
2.000500e-07,8.500000e-01,8.500000e-02,8.500000e-01,0.000000e+00,9.213500e-05
2.001500e-07,8.500000e-01,2.550000e-01,8.500000e-01,0.000000e+00,9.023097e-05
2.003167e-07,8.500000e-01,5.383174e-01,8.500000e-01,0.000000e+00,1.422911e-04
2.005000e-07,8.500000e-01,8.500000e-01,8.500000e-01,0.000000e+00,-3.317142e-03
2.005191e-07,8.500000e-01,8.500000e-01,8.175540e-01,0.000000e+00,-6.332223e-03
2.005573e-07,8.500000e-01,8.500000e-01,7.526621e-01,0.000000e+00,-1.323299e-02
2.006336e-07,8.500000e-01,8.500000e-01,6.228783e-01,0.000000e+00,-8.082811e-03
2.007494e-07,8.500000e-01,8.500000e-01,4.260227e-01,0.000000e+00,6.222056e-01
2.008858e-07,8.500000e-01,8.500000e-01,1.940628e-01,0.000000e+00,8.485460e-01
2.010000e-07,8.500000e-01,8.500000e-01,0.000000e+00,0.000000e+00,8.464550e-01
2.010134e-07,8.500000e-01,8.500000e-01,0.000000e+00,0.000000e+00,8.496064e-01
2.010402e-07,8.500000e-01,8.500000e-01,0.000000e+00,0.000000e+00,8.537027e-01
2.010939e-07,8.500000e-01,8.500000e-01,0.000000e+00,0.000000e+00,8.540334e-01
2.012012e-07,8.500000e-01,8.500000e-01,0.000000e+00,0.000000e+00,8.514927e-01
2.013444e-07,8.500000e-01,8.500000e-01,0.000000e+00,0.000000e+00,8.503342e-01
2.015872e-07,8.500000e-01,8.500000e-01,0.000000e+00,0.000000e+00,8.499582e-01
2.020727e-07,8.500000e-01,8.500000e-01,0.000000e+00,0.000000e+00,8.499690e-01
2.030437e-07,8.500000e-01,8.500000e-01,0.000000e+00,0.000000e+00,8.499593e-01
2.049857e-07,8.500000e-01,8.500000e-01,0.000000e+00,0.000000e+00,8.499685e-01
2.055000e-07,8.500000e-01,8.500000e-01,0.000000e+00,0.000000e+00,8.499596e-01
2.055500e-07,7.650000e-01,8.500000e-01,0.000000e+00,0.000000e+00,8.498171e-01
2.056500e-07,5.950000e-01,8.500000e-01,0.000000e+00,0.000000e+00,8.498212e-01
2.058500e-07,2.550000e-01,8.500000e-01,0.000000e+00,0.000000e+00,8.499296e-01
2.060000e-07,0.000000e+00,8.500000e-01,0.000000e+00,0.000000e+00,8.499029e-01
2.060400e-07,0.000000e+00,8.500000e-01,0.000000e+00,0.000000e+00,8.499570e-01
2.061200e-07,0.000000e+00,8.500000e-01,0.000000e+00,0.000000e+00,8.499835e-01
2.062800e-07,0.000000e+00,8.500000e-01,0.000000e+00,0.000000e+00,8.499311e-01
2.066000e-07,0.000000e+00,8.500000e-01,0.000000e+00,0.000000e+00,8.499194e-01
2.072400e-07,0.000000e+00,8.500000e-01,0.000000e+00,0.000000e+00,8.499235e-01
2.085200e-07,0.000000e+00,8.500000e-01,0.000000e+00,0.000000e+00,8.499190e-01
2.105000e-07,0.000000e+00,8.500000e-01,0.000000e+00,0.000000e+00,8.499165e-01
2.105500e-07,0.000000e+00,7.650000e-01,0.000000e+00,0.000000e+00,8.498656e-01
2.106500e-07,0.000000e+00,5.950000e-01,0.000000e+00,0.000000e+00,8.498840e-01
2.108500e-07,0.000000e+00,2.550000e-01,0.000000e+00,0.000000e+00,8.500266e-01
2.110000e-07,0.000000e+00,0.000000e+00,0.000000e+00,0.000000e+00,8.499485e-01
2.110258e-07,0.000000e+00,0.000000e+00,0.000000e+00,0.000000e+00,8.499546e-01
2.110774e-07,0.000000e+00,0.000000e+00,0.000000e+00,0.000000e+00,8.498204e-01
2.111806e-07,0.000000e+00,0.000000e+00,0.000000e+00,0.000000e+00,8.498122e-01
2.113535e-07,0.000000e+00,0.000000e+00,0.000000e+00,0.000000e+00,8.499842e-01
2.115574e-07,0.000000e+00,0.000000e+00,0.000000e+00,0.000000e+00,8.498971e-01
2.118572e-07,0.000000e+00,0.000000e+00,0.000000e+00,0.000000e+00,8.499327e-01
2.124567e-07,0.000000e+00,0.000000e+00,0.000000e+00,0.000000e+00,8.499042e-01
2.136558e-07,0.000000e+00,0.000000e+00,0.000000e+00,0.000000e+00,8.499293e-01
2.160540e-07,0.000000e+00,0.000000e+00,0.000000e+00,0.000000e+00,8.499059e-01
2.200000e-07,0.000000e+00,0.000000e+00,0.000000e+00,0.000000e+00,8.499285e-01
2.200500e-07,0.000000e+00,8.500000e-02,0.000000e+00,0.000000e+00,8.500480e-01
2.201500e-07,0.000000e+00,2.550000e-01,0.000000e+00,0.000000e+00,8.499177e-01
2.203101e-07,0.000000e+00,5.271681e-01,0.000000e+00,0.000000e+00,8.497167e-01
2.205000e-07,0.000000e+00,8.500000e-01,0.000000e+00,0.000000e+00,8.499543e-01
2.205191e-07,0.000000e+00,8.500000e-01,0.000000e+00,0.000000e+00,8.499887e-01
2.205574e-07,0.000000e+00,8.500000e-01,0.000000e+00,0.000000e+00,8.500865e-01
2.206339e-07,0.000000e+00,8.500000e-01,0.000000e+00,0.000000e+00,8.500170e-01
2.207869e-07,0.000000e+00,8.500000e-01,0.000000e+00,0.000000e+00,8.498608e-01
2.209328e-07,0.000000e+00,8.500000e-01,0.000000e+00,0.000000e+00,8.499209e-01
2.212247e-07,0.000000e+00,8.500000e-01,0.000000e+00,0.000000e+00,8.499021e-01
2.218084e-07,0.000000e+00,8.500000e-01,0.000000e+00,0.000000e+00,8.499262e-01
2.229759e-07,0.000000e+00,8.500000e-01,0.000000e+00,0.000000e+00,8.499091e-01
2.250000e-07,0.000000e+00,8.500000e-01,0.000000e+00,0.000000e+00,8.499246e-01
2.250500e-07,8.500000e-02,8.500000e-01,0.000000e+00,0.000000e+00,8.499850e-01
2.251500e-07,2.550000e-01,8.500000e-01,0.000000e+00,0.000000e+00,8.500225e-01
2.253500e-07,5.950000e-01,8.500000e-01,0.000000e+00,0.000000e+00,8.499896e-01
2.255000e-07,8.500000e-01,8.500000e-01,0.000000e+00,0.000000e+00,8.500877e-01
2.255400e-07,8.500000e-01,8.500000e-01,0.000000e+00,0.000000e+00,8.499985e-01
2.256200e-07,8.500000e-01,8.500000e-01,0.000000e+00,0.000000e+00,8.499433e-01
2.257800e-07,8.500000e-01,8.500000e-01,0.000000e+00,0.000000e+00,8.499644e-01
2.261000e-07,8.500000e-01,8.500000e-01,0.000000e+00,0.000000e+00,8.499624e-01
2.267400e-07,8.500000e-01,8.500000e-01,0.000000e+00,0.000000e+00,8.499651e-01
2.280200e-07,8.500000e-01,8.500000e-01,0.000000e+00,0.000000e+00,8.499627e-01
2.305000e-07,8.500000e-01,8.500000e-01,0.000000e+00,0.000000e+00,8.499655e-01
2.305500e-07,8.500000e-01,7.650000e-01,0.000000e+00,0.000000e+00,8.499161e-01
2.306500e-07,8.500000e-01,5.950000e-01,0.000000e+00,0.000000e+00,8.499295e-01
2.308500e-07,8.500000e-01,2.550000e-01,0.000000e+00,0.000000e+00,8.500712e-01
2.310000e-07,8.500000e-01,0.000000e+00,0.000000e+00,0.000000e+00,8.499954e-01
2.310258e-07,8.500000e-01,0.000000e+00,0.000000e+00,0.000000e+00,8.499991e-01
2.310774e-07,8.500000e-01,0.000000e+00,0.000000e+00,0.000000e+00,8.498751e-01
2.311806e-07,8.500000e-01,0.000000e+00,0.000000e+00,0.000000e+00,8.498575e-01
2.313534e-07,8.500000e-01,0.000000e+00,0.000000e+00,0.000000e+00,8.500274e-01
2.315574e-07,8.500000e-01,0.000000e+00,0.000000e+00,0.000000e+00,8.499446e-01
2.318571e-07,8.500000e-01,0.000000e+00,0.000000e+00,0.000000e+00,8.499777e-01
2.324565e-07,8.500000e-01,0.000000e+00,0.000000e+00,0.000000e+00,8.499528e-01
2.336554e-07,8.500000e-01,0.000000e+00,0.000000e+00,0.000000e+00,8.499744e-01
2.360532e-07,8.500000e-01,0.000000e+00,0.000000e+00,0.000000e+00,8.499538e-01
2.400000e-07,8.500000e-01,0.000000e+00,0.000000e+00,0.000000e+00,8.499740e-01
2.400500e-07,8.500000e-01,8.500000e-02,0.000000e+00,0.000000e+00,8.500967e-01
2.401500e-07,8.500000e-01,2.550000e-01,0.000000e+00,0.000000e+00,8.499683e-01
2.403101e-07,8.500000e-01,5.271679e-01,0.000000e+00,0.000000e+00,8.497704e-01
2.405000e-07,8.500000e-01,8.500000e-01,0.000000e+00,0.000000e+00,8.499944e-01
2.405191e-07,8.500000e-01,8.500000e-01,0.000000e+00,0.000000e+00,8.500328e-01
2.405574e-07,8.500000e-01,8.500000e-01,0.000000e+00,0.000000e+00,8.501325e-01
2.406339e-07,8.500000e-01,8.500000e-01,0.000000e+00,0.000000e+00,8.500735e-01
2.407869e-07,8.500000e-01,8.500000e-01,0.000000e+00,0.000000e+00,8.499193e-01
2.409328e-07,8.500000e-01,8.500000e-01,0.000000e+00,0.000000e+00,8.499676e-01
2.412247e-07,8.500000e-01,8.500000e-01,0.000000e+00,0.000000e+00,8.499513e-01
2.418084e-07,8.500000e-01,8.500000e-01,0.000000e+00,0.000000e+00,8.499719e-01
2.429759e-07,8.500000e-01,8.500000e-01,0.000000e+00,0.000000e+00,8.499573e-01
2.450000e-07,8.500000e-01,8.500000e-01,0.000000e+00,2.249931e-14,8.499699e-01
2.450500e-07,8.500000e-01,8.500000e-01,0.000000e+00,8.500000e-02,8.500201e-01
2.451500e-07,8.500000e-01,8.500000e-01,0.000000e+00,2.550000e-01,8.499389e-01
2.452923e-07,8.500000e-01,8.500000e-01,0.000000e+00,4.969688e-01,8.489905e-01
2.454818e-07,8.500000e-01,8.500000e-01,0.000000e+00,8.190554e-01,8.775053e-01
2.455000e-07,8.500000e-01,8.500000e-01,0.000000e+00,8.500000e-01,8.838113e-01
2.455173e-07,8.205935e-01,8.500000e-01,0.000000e+00,8.500000e-01,8.882642e-01
2.455519e-07,7.617806e-01,8.500000e-01,0.000000e+00,8.500000e-01,8.943315e-01
2.456084e-07,6.658037e-01,8.500000e-01,0.000000e+00,8.500000e-01,8.924003e-01
2.456642e-07,5.708310e-01,8.500000e-01,0.000000e+00,8.500000e-01,8.811895e-01
2.457316e-07,4.563097e-01,8.500000e-01,0.000000e+00,8.500000e-01,8.684937e-01
2.458177e-07,3.099509e-01,8.500000e-01,0.000000e+00,8.500000e-01,8.586450e-01
2.458962e-07,1.764017e-01,8.500000e-01,0.000000e+00,8.500000e-01,8.542932e-01
2.460000e-07,0.000000e+00,8.500000e-01,0.000000e+00,8.500000e-01,8.517965e-01
2.460127e-07,0.000000e+00,8.500000e-01,0.000000e+00,8.500000e-01,8.516816e-01
2.460381e-07,0.000000e+00,8.500000e-01,0.000000e+00,8.500000e-01,8.514812e-01
2.460888e-07,0.000000e+00,8.500000e-01,0.000000e+00,8.500000e-01,8.511237e-01
2.461904e-07,0.000000e+00,8.500000e-01,0.000000e+00,8.500000e-01,8.506661e-01
2.463934e-07,0.000000e+00,8.500000e-01,0.000000e+00,8.500000e-01,8.503327e-01
2.467995e-07,0.000000e+00,8.500000e-01,0.000000e+00,8.500000e-01,8.501595e-01
2.476117e-07,0.000000e+00,8.500000e-01,0.000000e+00,8.500000e-01,8.500344e-01
2.492360e-07,0.000000e+00,8.500000e-01,0.000000e+00,8.500000e-01,8.499639e-01
2.505000e-07,0.000000e+00,8.500000e-01,0.000000e+00,8.500000e-01,8.499533e-01
2.505500e-07,0.000000e+00,7.650000e-01,0.000000e+00,8.500000e-01,8.499029e-01
2.506500e-07,0.000000e+00,5.950000e-01,0.000000e+00,8.500000e-01,8.499202e-01
2.508500e-07,0.000000e+00,2.550000e-01,0.000000e+00,8.500000e-01,8.500878e-01
2.510000e-07,0.000000e+00,3.463896e-14,0.000000e+00,8.500000e-01,8.499294e-01
2.510239e-07,0.000000e+00,0.000000e+00,0.000000e+00,8.500000e-01,8.499853e-01
2.510718e-07,0.000000e+00,0.000000e+00,0.000000e+00,8.500000e-01,8.499037e-01
2.511674e-07,0.000000e+00,0.000000e+00,0.000000e+00,8.500000e-01,8.498490e-01
2.512545e-07,0.000000e+00,0.000000e+00,0.000000e+00,8.500000e-01,8.499751e-01
2.513509e-07,0.000000e+00,0.000000e+00,0.000000e+00,8.500000e-01,8.499749e-01
2.514497e-07,0.000000e+00,0.000000e+00,0.000000e+00,8.500000e-01,8.499766e-01
2.515892e-07,0.000000e+00,0.000000e+00,0.000000e+00,8.500000e-01,8.499602e-01
2.518681e-07,0.000000e+00,0.000000e+00,0.000000e+00,8.500000e-01,8.499528e-01
2.524260e-07,0.000000e+00,0.000000e+00,0.000000e+00,8.500000e-01,8.499393e-01
2.534458e-07,0.000000e+00,0.000000e+00,0.000000e+00,8.500000e-01,8.499382e-01
2.554852e-07,0.000000e+00,0.000000e+00,0.000000e+00,8.500000e-01,8.499272e-01
2.595641e-07,0.000000e+00,0.000000e+00,0.000000e+00,8.500000e-01,8.499212e-01
2.600000e-07,0.000000e+00,8.999725e-14,0.000000e+00,8.500000e-01,8.499202e-01
2.600500e-07,0.000000e+00,8.500000e-02,8.500000e-02,8.500000e-01,8.623419e-01
2.601500e-07,0.000000e+00,2.550000e-01,2.550000e-01,8.500000e-01,8.694631e-01
2.602956e-07,0.000000e+00,5.024845e-01,5.024845e-01,8.500000e-01,8.388716e-01
2.604463e-07,0.000000e+00,7.587135e-01,7.587135e-01,8.500000e-01,8.621143e-01
2.605000e-07,0.000000e+00,8.500000e-01,8.500000e-01,8.500000e-01,8.794543e-01
2.605157e-07,0.000000e+00,8.500000e-01,8.500000e-01,8.500000e-01,8.756866e-01
2.605471e-07,0.000000e+00,8.500000e-01,8.500000e-01,8.500000e-01,8.577123e-01
2.606099e-07,0.000000e+00,8.500000e-01,8.500000e-01,8.500000e-01,6.727905e-01
2.606898e-07,0.000000e+00,8.500000e-01,8.500000e-01,8.500000e-01,9.216136e-02
2.607777e-07,0.000000e+00,8.500000e-01,8.500000e-01,8.500000e-01,-7.362776e-03
2.608935e-07,0.000000e+00,8.500000e-01,8.500000e-01,8.500000e-01,9.568230e-03
2.610378e-07,0.000000e+00,8.500000e-01,8.500000e-01,8.500000e-01,-4.916197e-03
2.611950e-07,0.000000e+00,8.500000e-01,8.500000e-01,8.500000e-01,3.495969e-03
2.615031e-07,0.000000e+00,8.500000e-01,8.500000e-01,8.500000e-01,-2.873876e-03
2.619551e-07,0.000000e+00,8.500000e-01,8.500000e-01,8.500000e-01,2.544606e-03
2.628591e-07,0.000000e+00,8.500000e-01,8.500000e-01,8.500000e-01,-2.373330e-03
2.645666e-07,0.000000e+00,8.500000e-01,8.500000e-01,8.500000e-01,2.308055e-03
2.650000e-07,0.000000e+00,8.500000e-01,8.500000e-01,8.500000e-01,-2.006330e-03
2.650500e-07,8.500000e-02,8.500000e-01,8.500000e-01,8.500000e-01,-2.576568e-04
2.651500e-07,2.550000e-01,8.500000e-01,8.500000e-01,8.500000e-01,3.067238e-04
2.653500e-07,5.950000e-01,8.500000e-01,8.500000e-01,8.500000e-01,-6.431697e-05
2.655000e-07,8.500000e-01,8.500000e-01,8.500000e-01,8.500000e-01,1.058443e-04
2.655360e-07,8.500000e-01,8.500000e-01,8.500000e-01,8.500000e-01,-9.764908e-05
2.656080e-07,8.500000e-01,8.500000e-01,8.500000e-01,8.500000e-01,-9.291148e-05
2.657521e-07,8.500000e-01,8.500000e-01,8.500000e-01,8.500000e-01,7.529886e-05
2.660402e-07,8.500000e-01,8.500000e-01,8.500000e-01,8.500000e-01,-3.746056e-06
2.663881e-07,8.500000e-01,8.500000e-01,8.500000e-01,8.500000e-01,5.405187e-05
2.670838e-07,8.500000e-01,8.500000e-01,8.500000e-01,8.500000e-01,6.719909e-06
2.684754e-07,8.500000e-01,8.500000e-01,8.500000e-01,8.500000e-01,4.979417e-05
2.705000e-07,8.500000e-01,8.500000e-01,8.500000e-01,8.500000e-01,8.888857e-06
2.705500e-07,8.500000e-01,7.650000e-01,8.500000e-01,8.500000e-01,-5.699523e-05
2.706500e-07,8.500000e-01,5.950000e-01,8.500000e-01,8.500000e-01,5.128189e-05
2.708500e-07,8.500000e-01,2.550000e-01,8.500000e-01,8.500000e-01,9.118546e-05
2.710000e-07,8.500000e-01,3.463896e-14,8.500000e-01,8.500000e-01,2.251588e-04
2.710258e-07,8.500000e-01,0.000000e+00,8.500000e-01,8.500000e-01,4.360448e-06
2.710773e-07,8.500000e-01,0.000000e+00,8.500000e-01,8.500000e-01,-2.510266e-04
2.711805e-07,8.500000e-01,0.000000e+00,8.500000e-01,8.500000e-01,-5.994576e-05
2.713521e-07,8.500000e-01,0.000000e+00,8.500000e-01,8.500000e-01,1.235201e-04
2.715542e-07,8.500000e-01,0.000000e+00,8.500000e-01,8.500000e-01,2.025208e-05
2.718526e-07,8.500000e-01,0.000000e+00,8.500000e-01,8.500000e-01,2.656544e-05
2.724494e-07,8.500000e-01,0.000000e+00,8.500000e-01,8.500000e-01,3.365147e-05
2.736431e-07,8.500000e-01,0.000000e+00,8.500000e-01,8.500000e-01,2.348452e-05
2.760303e-07,8.500000e-01,0.000000e+00,8.500000e-01,8.500000e-01,3.461681e-05
2.800000e-07,8.500000e-01,0.000000e+00,8.500000e-01,8.500000e-01,2.307652e-05
2.800500e-07,8.500000e-01,8.500000e-02,8.500000e-01,8.500000e-01,8.107866e-05
2.801500e-07,8.500000e-01,2.550000e-01,8.500000e-01,8.500000e-01,2.500758e-05
2.803100e-07,8.500000e-01,5.270527e-01,8.500000e-01,8.500000e-01,-1.235690e-04
2.805000e-07,8.500000e-01,8.500000e-01,8.500000e-01,8.500000e-01,2.169152e-04
2.805191e-07,8.500000e-01,8.500000e-01,8.500000e-01,8.500000e-01,1.947908e-04
2.805574e-07,8.500000e-01,8.500000e-01,8.500000e-01,8.500000e-01,1.188088e-04
2.806339e-07,8.500000e-01,8.500000e-01,8.500000e-01,8.500000e-01,-3.209272e-05
2.807870e-07,8.500000e-01,8.500000e-01,8.500000e-01,8.500000e-01,3.247842e-05
2.809336e-07,8.500000e-01,8.500000e-01,8.500000e-01,8.500000e-01,1.766707e-05
2.812269e-07,8.500000e-01,8.500000e-01,8.500000e-01,8.500000e-01,4.020780e-05
2.818134e-07,8.500000e-01,8.500000e-01,8.500000e-01,8.500000e-01,1.834523e-05
2.829866e-07,8.500000e-01,8.500000e-01,8.500000e-01,8.500000e-01,3.914652e-05
2.853328e-07,8.500000e-01,8.500000e-01,8.500000e-01,8.500000e-01,1.886238e-05
2.855000e-07,8.500000e-01,8.500000e-01,8.500000e-01,8.500000e-01,3.662446e-05
2.855500e-07,7.650000e-01,8.500000e-01,8.500000e-01,8.500000e-01,-1.458404e-04
2.856500e-07,5.950000e-01,8.500000e-01,8.500000e-01,8.500000e-01,-2.286042e-05
2.858446e-07,2.641688e-01,8.500000e-01,8.500000e-01,8.500000e-01,2.144276e-05
2.860000e-07,2.053913e-14,8.500000e-01,8.500000e-01,8.500000e-01,6.855118e-05
2.860389e-07,0.000000e+00,8.500000e-01,8.500000e-01,8.500000e-01,7.719235e-05
2.861168e-07,0.000000e+00,8.500000e-01,8.500000e-01,8.500000e-01,-6.646998e-05
2.862724e-07,0.000000e+00,8.500000e-01,8.500000e-01,8.500000e-01,7.266314e-05
2.865664e-07,0.000000e+00,8.500000e-01,8.500000e-01,8.500000e-01,-5.507357e-05
2.869137e-07,0.000000e+00,8.500000e-01,8.500000e-01,8.500000e-01,6.053567e-05
2.876082e-07,0.000000e+00,8.500000e-01,8.500000e-01,8.500000e-01,-4.690867e-05
2.889974e-07,0.000000e+00,8.500000e-01,8.500000e-01,8.500000e-01,5.616632e-05
2.905000e-07,0.000000e+00,8.500000e-01,8.500000e-01,8.500000e-01,-4.416812e-05
2.905500e-07,0.000000e+00,7.650000e-01,8.500000e-01,8.500000e-01,-8.218499e-05
2.906500e-07,0.000000e+00,5.950000e-01,8.500000e-01,8.500000e-01,3.157920e-05
2.908500e-07,0.000000e+00,2.550000e-01,8.500000e-01,8.500000e-01,6.397540e-05
2.910000e-07,0.000000e+00,3.463896e-14,8.500000e-01,8.500000e-01,2.038194e-04
2.910258e-07,0.000000e+00,0.000000e+00,8.500000e-01,8.500000e-01,-2.116364e-05
2.910773e-07,0.000000e+00,0.000000e+00,8.500000e-01,8.500000e-01,-3.014748e-04
2.911805e-07,0.000000e+00,0.000000e+00,8.500000e-01,8.500000e-01,-6.868960e-05
2.913521e-07,0.000000e+00,0.000000e+00,8.500000e-01,8.500000e-01,8.922660e-05
2.915542e-07,0.000000e+00,0.000000e+00,8.500000e-01,8.500000e-01,4.872969e-06
2.918526e-07,0.000000e+00,0.000000e+00,8.500000e-01,8.500000e-01,-3.563778e-06
2.924495e-07,0.000000e+00,0.000000e+00,8.500000e-01,8.500000e-01,1.577200e-05
2.936431e-07,0.000000e+00,0.000000e+00,8.500000e-01,8.500000e-01,-5.496238e-06
2.955000e-07,0.000000e+00,0.000000e+00,8.500000e-01,8.500000e-01,1.632611e-05
2.955500e-07,0.000000e+00,0.000000e+00,8.500000e-01,7.650000e-01,5.558202e-06
2.956500e-07,0.000000e+00,0.000000e+00,8.500000e-01,5.950000e-01,4.511206e-06
2.958500e-07,0.000000e+00,0.000000e+00,8.500000e-01,2.550000e-01,-3.049851e-06
2.960000e-07,0.000000e+00,0.000000e+00,8.500000e-01,3.741452e-14,-1.358482e-05
2.960220e-07,0.000000e+00,0.000000e+00,8.500000e-01,0.000000e+00,1.375502e-05
2.960659e-07,0.000000e+00,0.000000e+00,8.500000e-01,0.000000e+00,3.067581e-05
2.961538e-07,0.000000e+00,0.000000e+00,8.500000e-01,0.000000e+00,1.175751e-05
2.963296e-07,0.000000e+00,0.000000e+00,8.500000e-01,0.000000e+00,3.577784e-06
2.964883e-07,0.000000e+00,0.000000e+00,8.500000e-01,0.000000e+00,6.765487e-06
2.967893e-07,0.000000e+00,0.000000e+00,8.500000e-01,0.000000e+00,3.615570e-06
2.973914e-07,0.000000e+00,0.000000e+00,8.500000e-01,0.000000e+00,6.673464e-06
2.985956e-07,0.000000e+00,0.000000e+00,8.500000e-01,0.000000e+00,3.559956e-06
3.000000e-07,0.000000e+00,8.999725e-14,8.500000e-01,0.000000e+00,6.519865e-06
